review_id,review_text,category,sentiment,summary
1,"I like eat delicious food. That's I'm cooking food myself, case ""10 Best Foods"" helps lot, also ""Best Before (Shelf Life)""",usability,positive,The cooking guide significantly aids in preparing delicious food.
2,This help eating healthy exercise regular basis,usability,positive,The product helps with maintaining a healthy lifestyle through regular exercise.
3,,usability,neutral,The review does not provide any information.
4,Works great especially going grocery store,usability,positive,The product is effective for grocery shopping.
5,Best idea us,usability,positive,The product is a great idea for users.
6,Best way,quality,positive,The product is highly regarded as the best option available.
7,Amazing,quality,positive,The product is amazing.
8,,usability,neutral,The review does not provide any information.
9,"Looking forward app,",usability,positive,The user is excited about the app's functionality.
10,It helpful site ! It help foods get !,usability,positive,The site is helpful for food-related needs.
11,good you.,customer_service,positive,The review expresses a positive sentiment towards customer service.
12,"Useful information The amount spelling errors questions validity information shared. Once fixed, 5 stars given.",quality,neutral,The review highlights spelling errors affecting the validity of the information shared.
13,"Thank you! Great app!! Add arthritis, eyes, immunity, kidney/liver detox foods please. :)",usability,positive,"The app is appreciated, with suggestions for additional features."
14,Greatest ever Completely awesome maintain health.... This must ppl there... Love it!!!,quality,positive,The product is highly praised for its effectiveness in maintaining health.
15,Good health...... Good health first priority.......,quality,positive,The review emphasizes the importance of good health.
